Workbook

Sheet 表1 月度销售分析
A1: 年月 | B1: 订单数量 | C1: 客户数量 | D1: 支付总金额 | E1: 平均订单金额 | F1: 上月支付金额 | G1: 月环比增长率(%) | H1: 年 | I1: 季度 | J1: 增长状态 | K1: 累计支付金额
A2: 2016-09 | B2: 1 | C2: 1 | H2: =LEFT(A2,4) -> 2016 | I2: ="Q" & INT((MID(A2,6,2)+2)/3) -> Q3 | J2: =IF(G2="", "-", IF(G2>100%, "异常高增长", IF(G2>20%, "高速增长", IF(G2>5%, "平稳增长", IF(G2>0%, "温和增长", IF(G2>-5%, "微增长", IF(G2>-10%, "小幅下滑", IF(G2>-20%, "明显下滑", "大幅下滑")))))))) -> - | K2: =SUM($D$2:D2) -> 0
A3: 2016-10 | B3: 265 | C3: 265 | D3: 46566.71 | E3: 165.13018 | H3: =LEFT(A3,4) -> 2016 | I3: ="Q" & INT((MID(A3,6,2)+2)/3) -> Q4 | J3: =IF(G3="", "-", IF(G3>100%, "异常高增长", IF(G3>20%, "高速增长", IF(G3>5%, "平稳增长", IF(G3>0%, "温和增长", IF(G3>-5%, "微增长", IF(G3>-10%, "小幅下滑", IF(G3>-20%, "明显下滑", "大幅下滑")))))))) -> - | K3: =SUM($D$2:D3) -> 46566.71
A4: 2016-12 | B4: 1 | C4: 1 | D4: 19.62 | E4: 19.62 | F4: 46566.71 | G4: -99.96 | H4: =LEFT(A4,4) -> 2016 | I4: ="Q" & INT((MID(A4,6,2)+2)/3) -> Q4 | J4: =IF(G4="", "-", IF(G4>100%, "异常高增长", IF(G4>20%, "高速增长", IF(G4>5%, "平稳增长", IF(G4>0%, "温和增长", IF(G4>-5%, "微增长", IF(G4>-10%, "小幅下滑", IF(G4>-20%, "明显下滑", "大幅下滑")))))))) -> 大幅下滑 | K4: =SUM($D$2:D4) -> 46586.33
A5: 2017-01 | B5: 750 | C5: 750 | D5: 127545.67 | E5: 159.63163 | F5: 19.62 | G5: 649979.87 | H5: =LEFT(A5,4) -> 2017 | I5: ="Q" & INT((MID(A5,6,2)+2)/3) -> Q1 | J5: =IF(G5="", "-", IF(G5>100%, "异常高增长", IF(G5>20%, "高速增长", IF(G5>5%, "平稳增长", IF(G5>0%, "温和增长", IF(G5>-5%, "微增长", IF(G5>-10%, "小幅下滑", IF(G5>-20%, "明显下滑", "大幅下滑")))))))) -> 异常高增长 | K5: =SUM($D$2:D5) -> 174132
A6: 2017-02 | B6: 1653 | C6: 1653 | D6: 271298.65 | E6: 155.11644 | F6: 127545.67 | G6: 112.71 | H6: =LEFT(A6,4) -> 2017 | I6: ="Q" & INT((MID(A6,6,2)+2)/3) -> Q1 | J6: =IF(G6="", "-", IF(G6>100%, "异常高增长", IF(G6>20%, "高速增长", IF(G6>5%, "平稳增长", IF(G6>0%, "温和增长", IF(G6>-5%, "微增长", IF(G6>-10%, "小幅下滑", IF(G6>-20%, "明显下滑", "大幅下滑")))))))) -> 异常高增长 | K6: =SUM($D$2:D6) -> 445430.65
A7: 2017-03 | B7: 2546 | C7: 2546 | D7: 414369.39 | E7: 153.47014 | F7: 271298.65 | G7: 52.74 | H7: =LEFT(A7,4) -> 2017 | I7: ="Q" & INT((MID(A7,6,2)+2)/3) -> Q1 | J7: =IF(G7="", "-", IF(G7>100%, "异常高增长", IF(G7>20%, "高速增长", IF(G7>5%, "平稳增长", IF(G7>0%, "温和增长", IF(G7>-5%, "微增长", IF(G7>-10%, "小幅下滑", IF(G7>-20%, "明显下滑", "大幅下滑")))))))) -> 异常高增长 | K7: =SUM($D$2:D7) -> 859800.04
A8: 2017-04 | B8: 2303 | C8: 2303 | D8: 390952.18 | E8: 160.4894 | F8: 414369.39 | G8: -5.65 | H8: =LEFT(A8,4) -> 2017 | I8: ="Q" & INT((MID(A8,6,2)+2)/3) -> Q2 | J8: =IF(G8="", "-", IF(G8>100%, "异常高增长", IF(G8>20%, "高速增长", IF(G8>5%, "平稳增长", IF(G8>0%, "温和增长", IF(G8>-5%, "微增长", IF(G8>-10%, "小幅下滑", IF(G8>-20%, "明显下滑", "大幅下滑")))))))) -> 大幅下滑 | K8: =SUM($D$2:D8) -> 1250752.2
A9: 2017-05 | B9: 3546 | C9: 3546 | D9: 567066.73 | E9: 149.74036 | F9: 390952.18 | G9: 45.05 | H9: =LEFT(A9,4) -> 2017 | I9: ="Q" & INT((MID(A9,6,2)+2)/3) -> Q2 | J9: =IF(G9="", "-", IF(G9>100%, "异常高增长", IF(G9>20%, "高速增长", IF(G9>5%, "平稳增长", IF(G9>0%, "温和增长", IF(G9>-5%, "微增长", IF(G9>-10%, "小幅下滑", IF(G9>-20%, "明显下滑", "大幅下滑")))))))) -> 异常高增长 | K9: =SUM($D$2:D9) -> 1817819
A10: 2017-06 | B10: 3135 | C10: 3135 | D10: 490225.6 | E10: 147.52501 | F10: 567066.73 | G10: -13.55 | H10: =LEFT(A10,4) -> 2017 | I10: ="Q" & INT((MID(A10,6,2)+2)/3) -> Q2 | J10: =IF(G10="", "-", IF(G10>100%, "异常高增长", IF(G10>20%, "高速增长", IF(G10>5%, "平稳增长", IF(G10>0%, "温和增长", IF(G10>-5%, "微增长", IF(G10>-10%, "小幅下滑", IF(G10>-20%, "明显下滑", "大幅下滑")))))))) -> 大幅下滑 | K10: =SUM($D$2:D10) -> 2308044.6
A11: 2017-07 | B11: 3872 | C11: 3872 | D11: 566403.93 | E11: 136.58161 | F11: 490225.6 | G11: 15.54 | H11: =LEFT(A11,4) -> 2017 | I11: ="Q" & INT((MID(A11,6,2)+2)/3) -> Q3 | J11: =IF(G11="", "-", IF(G11>100%, "异常高增长", IF(G11>20%, "高速增长", IF(G11>5%, "平稳增长", IF(G11>0%, "温和增长", IF(G11>-5%, "微增长", IF(G11>-10%, "小幅下滑", IF(G11>-20%, "明显下滑", "大幅下滑")))))))) -> 异常高增长 | K11: =SUM($D$2:D11) -> 2874448.5
A12: 2017-08 | B12: 4193 | C12: 4193 | D12: 646000.61 | E12: 147.05227 | F12: 566403.93 | G12: 14.05 | H12: =LEFT(A12,4) -> 2017 | I12: ="Q" & INT((MID(A12,6,2)+2)/3) -> Q3 | J12: =IF(G12="", "-", IF(G12>100%, "异常高增长", IF(G12>20%, "高速增长", IF(G12>5%, "平稳增长", IF(G12>0%, "温和增长", IF(G12>-5%, "微增长", IF(G12>-10%, "小幅下滑", IF(G12>-20%, "明显下滑", "大幅下滑")))))))) -> 异常高增长 | K12: =SUM($D$2:D12) -> 3520449.1
A13: 2017-09 | B13: 4150 | C13: 4150 | D13: 701169.99 | E13: 160.41409 | F13: 646000.61 | G13: 8.54 | H13: =LEFT(A13,4) -> 2017 | I13: ="Q" & INT((MID(A13,6,2)+2)/3) -> Q3 | J13: =IF(G13="", "-", IF(G13>100%, "异常高增长", IF(G13>20%, "高速增长", IF(G13>5%, "平稳增长", IF(G13>0%, "温和增长", IF(G13>-5%, "微增长", IF(G13>-10%, "小幅下滑", IF(G13>-20%, "明显下滑", "大幅下滑")))))))) -> 异常高增长 | K13: =SUM($D$2:D13) -> 4221619.1
A14: 2017-10 | B14: 4478 | C14: 4478 | D14: 751140.27 | E14: 159.88511 | F14: 701169.99 | G14: 7.13 | H14: =LEFT(A14,4) -> 2017 | I14: ="Q" & INT((MID(A14,6,2)+2)/3) -> Q4 | J14: =IF(G14="", "-", IF(G14>100%, "异常高增长", IF(G14>20%, "高速增长", IF(G14>5%, "平稳增长", IF(G14>0%, "温和增长", IF(G14>-5%, "微增长", IF(G14>-10%, "小幅下滑", IF(G14>-20%, "明显下滑", "大幅下滑")))))))) -> 异常高增长 | K14: =SUM($D$2:D14) -> 4972759.4
A15: 2017-11 | B15: 7289 | C15: 7289 | D15: 1153528.1 | E15: 151.91993 | F15: 751140.27 | G15: 53.57 | H15: =LEFT(A15,4) -> 2017 | I15: ="Q" & INT((MID(A15,6,2)+2)/3) -> Q4 | J15: =IF(G15="", "-", IF(G15>100%, "异常高增长", IF(G15>20%, "高速增长", IF(G15>5%, "平稳增长", IF(G15>0%, "温和增长", IF(G15>-5%, "微增长", IF(G15>-10%, "小幅下滑", IF(G15>-20%, "明显下滑", "大幅下滑")))))))) -> 异常高增长 | K15: =SUM($D$2:D15) -> 6126287.4
... A24: 2018-08 | B24: 6351 | C24: 6351 | D24: 985414.28 | E24: 150.79025 | F24: 1027903.9 | G24: -4.13 | H24: =LEFT(A24,4) -> 2018 | I24: ="Q" & INT((MID(A24,6,2)+2)/3) -> Q3 | J24: =IF(G24="", "-", IF(G24>100%, "异常高增长", IF(G24>20%, "高速增长", IF(G24>5%, "平稳增长", IF(G24>0%, "温和增长", IF(G24>-5%, "微增长", IF(G24>-10%, "小幅下滑", IF(G24>-20%, "明显下滑", "大幅下滑")))))))) -> 大幅下滑 | K24: =SUM($D$2:D24) -> 15422462

Sheet 表2 支付金额分析
A1: 金额档位 | B1: 订单数量 | C1: 档位总金额 | D1: 平均订单金额 | E1: 平均支付次数 | F1: 平均最大分期数 | G1: 订单占比百分比 | H1: 金额占比百分比 | I1: 累计订单占比 | J1: 累计金额占比 | K1: 帕累托分类 | L1: 价值密度
A2: 0-50元 | B2: 16499 | C2: 609053.04 | D2: 36.914543 | E2: 1.0431 | F2: 1.5185 | G2: 17.1 | H2: 3.95 | I2: =SUM($G$2:G2)/SUM($G$2:$G$7) -> 0.1709829 | J2: =SUM($H$2:H2)/SUM($H$2:$H$7) -> 0.0395 | K2: =IF(J2<=0.8,"A类",IF(J2<=0.95,"B类","C类")) -> A类 | L2: =H2/G2 -> 0.23099415
A3: 51-100元 | B3: 29421 | C3: 2157045.1 | D3: 73.316512 | E3: 1.0482 | F3: 2.2685 | G3: 30.5 | H3: 13.99 | I3: =SUM($G$2:G3)/SUM($G$2:$G$7) -> 0.4759524 | J3: =SUM($H$2:H3)/SUM($H$2:$H$7) -> 0.1794 | K3: =IF(J3<=0.8,"A类",IF(J3<=0.95,"B类","C类")) -> A类 | L3: =H3/G3 -> 0.45868852
A4: 101-200元 | B4: 31016 | C4: 4403642.5 | D4: 141.9797 | E4: 1.0412 | F4: 3.1773 | G4: 32.15 | H4: 28.55 | I4: =SUM($G$2:G4)/SUM($G$2:$G$7) -> 0.79742026 | J4: =SUM($H$2:H4)/SUM($H$2:$H$7) -> 0.4649 | K4: =IF(J4<=0.8,"A类",IF(J4<=0.95,"B类","C类")) -> A类 | L4: =H4/G4 -> 0.88802488
A5: 201-500元 | B5: 15465 | C5: 4483033 | D5: 289.88251 | E5: 1.0421 | F5: 4.3571 | G5: 16.03 | H5: 29.07 | I5: =SUM($G$2:G5)/SUM($G$2:$G$7) -> 0.95770423 | J5: =SUM($H$2:H5)/SUM($H$2:$H$7) -> 0.7556 | K5: =IF(J5<=0.8,"A类",IF(J5<=0.95,"B类","C类")) -> A类 | L5: =H5/G5 -> 1.8134747
A6: 501-1000元 | B6: 2969 | C6: 2020199.1 | D6: 680.43082 | E6: 1.0515 | F6: 5.8858 | G6: 3.08 | H6: 13.1 | I6: =SUM($G$2:G6)/SUM($G$2:$G$7) -> 0.98850115 | J6: =SUM($H$2:H6)/SUM($H$2:$H$7) -> 0.8866 | K6: =IF(J6<=0.8,"A类",IF(J6<=0.95,"B类","C类")) -> B类 | L6: =H6/G6 -> 4.2532468
A7: 1000元以上 | B7: 1107 | C7: 1749489 | D7: 1580.3876 | E7: 1.0587 | F7: 6.5799 | G7: 1.15 | H7: 11.34 | I7: =SUM($G$2:G7)/SUM($G$2:$G$7) -> 1 | J7: =SUM($H$2:H7)/SUM($H$2:$H$7) -> 1 | K7: =IF(J7<=0.8,"A类",IF(J7<=0.95,"B类","C类")) -> C类 | L7: =H7/G7 -> 9.8608696
A11: 支付结构分析
A12: 列1 | B12: 列2
A13: 总订单数： | B13: =SUM(B2:B7) -> 96477
A14: 总金额： | B14: =SUM(C2:C7) -> 15422462
A15: 平均订单金额： | B15: =B14/B13 -> 159.85636
A16: 80%金额来自: | B16: =INDEX(A2:A7, MATCH(0.8, J2:J7, 1)) -> 201-500元

Sheet 表3 RFM分析
A1: 用户分层 | B1: 用户数量 | C1: 平均最近购买天数 | D1: 平均购买次数 | E1: 平均消费金额 | F1: 分层总消费 | G1: 用户占比百分比 | H1: 消费占比百分比 | I1: 人均消费 | J1: 用户价值得分 | K1: 运营优先级 | M1: R\F | N1: 高活跃
A2: 高价值活跃用户 | B2: 3177 | C2: 211.6953 | D2: 1 | E2: 287.654 | F2: 913876.76 | G2: 3.29 | H2: 5.93 | I2: =F2/B2 -> 287.654 | J2: =G2*0.3+H2*0.7 -> 5.138 | K2: {=_xlfn.SWITCH(A2, "高价值活跃用户","P1", "高价值新用户","P2", "频繁购买用户","P3", "一般用户","P4", "流失风险用户","P5")} -> P1 | M2: 高价值 | N2: =B2&"用户" -> 3177用户
A3: 高价值新用户 | B3: 12740 | C3: 123.9029 | D3: 1 | E3: 297.02417 | F3: 3784087.9 | G3: 13.21 | H3: 24.54 | I3: =F3/B3 -> 297.02417 | J3: =G3*0.3+H3*0.7 -> 21.141 | K3: {=_xlfn.SWITCH(A3, "高价值活跃用户","P1", "高价值新用户","P2", "频繁购买用户","P3", "一般用户","P4", "流失风险用户","P5")} -> P2 | N3: =H2&"消费占比" -> 5.93消费占比
A4: 频繁购买用户 | B4: 35413 | C4: 299.3703 | D4: 1 | E4: 146.95678 | F4: 5204180.3 | G4: 36.71 | H4: 33.74 | I4: =F4/B4 -> 146.95678 | J4: =G4*0.3+H4*0.7 -> 34.631 | K4: {=_xlfn.SWITCH(A4, "高价值活跃用户","P1", "高价值新用户","P2", "频繁购买用户","P3", "一般用户","P4", "流失风险用户","P5")} -> P3 | M4: 中价值 | N4: =B4&"用户" -> 35413用户
A5: 一般用户 | B5: 41993 | C5: 321.6034 | D5: 1 | E5: 127.31772 | F5: 5346453 | G5: 43.53 | H5: 34.67 | I5: =F5/B5 -> 127.31772 | J5: =G5*0.3+H5*0.7 -> 37.328 | K5: {=_xlfn.SWITCH(A5, "高价值活跃用户","P1", "高价值新用户","P2", "频繁购买用户","P3", "一般用户","P4", "流失风险用户","P5")} -> P4 | N5: =H4&"消费占比" -> 33.74消费占比
A6: 流失风险用户 | B6: 3154 | C6: 472.5964 | D6: 1 | E6: 55.124832 | F6: 173863.72 | G6: 3.27 | H6: 1.13 | I6: =F6/B6 -> 55.124832 | J6: =G6*0.3+H6*0.7 -> 1.772 | K6: {=_xlfn.SWITCH(A6, "高价值活跃用户","P1", "高价值新用户","P2", "频繁购买用户","P3", "一般用户","P4", "流失风险用户","P5")} -> P5

Sheet 表4 商品品类销售趋势分析
A1: 销售月份 | B1: 商品类别 | C1: 销售订单数 | D1: 销售总额 | E1: 销售数量 | F1: 平均单价 | G1: 月度销售额排名 | H1: 月度销售额占比百分比
A2: 42614 | B2: beleza_saude | C2: 1 | D2: 134.97 | E2: 3 | F2: 44.99 | G2: 1 | H2: 100
A3: 42644 | B3: moveis_decoracao | C3: 49 | D3: 5690.52 | E3: 65 | F3: 87.546462 | G3: 1 | H3: 14.11
A4: 42644 | B4: perfumaria | C4: 26 | D4: 4829.1 | E4: 29 | F4: 166.52069 | G4: 2 | H4: 11.98
A5: 42644 | B5: brinquedos | C5: 22 | D5: 4106.5 | E5: 24 | F5: 171.10417 | G5: 3 | H5: 10.18
A6: 42644 | B6: consoles_games | C6: 7 | D6: 3619.36 | E6: 7 | F6: 517.05143 | G6: 4 | H6: 8.98
A7: 42644 | B7: beleza_saude | C7: 36 | D7: 3439.25 | E7: 40 | F7: 85.98125 | G7: 5 | H7: 8.53
A8: 42644 | B8: relogios_presentes | C8: 4 | D8: 2711.07 | E8: 4 | F8: 677.7675 | G8: 6 | H8: 6.72
A9: 42644 | B9: esporte_lazer | C9: 17 | D9: 2012.15 | E9: 17 | F9: 118.36176 | G9: 7 | H9: 4.99
A10: 42644 | B10: bebes | C10: 9 | D10: 1371.17 | E10: 11 | F10: 124.65182 | G10: 8 | H10: 3.4
A11: 42644 | B11: ferramentas_jardim | C11: 5 | D11: 1359.88 | E11: 5 | F11: 271.976 | G11: 9 | H11: 3.37
A12: 42644 | B12: climatizacao | C12: 4 | D12: 1349.29 | E12: 8 | F12: 168.66125 | G12: 10 | H12: 3.35
A13: 42705 | B13: fashion_bolsas_e_acessorios | C13: 1 | D13: 10.9 | E13: 1 | F13: 10.9 | G13: 1 | H13: 100
... A213: 43313 | B213: perfumaria | C213: 203 | D213: 24839.74 | E213: 218 | F213: 113.94376 | G213: 10 | H213: 2.96

Sheet 品类综合分析（包含季节性分析）
A1: 品类名称 | B1: 总上榜次数 | C1: 首次上榜时间 | D1: 最近上榜时间 | E1: 时间跨度 | F1: 最好排名 | G1: 最差排名 | H1: 排名波动 | I1: 总销售额 | J1: 品类价值评分 | K1: 季节性指数 | L1: 上榜月份密度 | M1: 活跃期分类 | N1: 月份分布集中度 | O1: 趋势方向
A2: {=_xlfn.UNIQUE('表4 商品品类销售趋势分析'!$B$2:$B$213)} -> beleza_saude | B2: =COUNTIF('表4 商品品类销售趋势分析'!$B:$B, A2) -> 22 | C2: =_xlfn.MINIFS('表4 商品品类销售趋势分析'!$A:$A, '表4 商品品类销售趋势分析'!$B:$B, A2) -> 42614 | D2: =_xlfn.MAXIFS('表4 商品品类销售趋势分析'!$A:$A,'表4 商品品类销售趋势分析'!$B:$B, A2) -> 43313 | E2: =IFERROR(DATEDIF(C2,D2,"M"),0) -> 23 | F2: =_xlfn.MINIFS('表4 商品品类销售趋势分析'!$G:$G,'表4 商品品类销售趋势分析'!$B:$B, A2) -> 1 | G2: =_xlfn.MAXIFS('表4 商品品类销售趋势分析'!$G:$G,'表4 商品品类销售趋势分析'!$B:$B, A2) -> 6 | H2: =IF(B2>1, G2-F2, 0) -> 5 | I2: =SUMIFS('表4 商品品类销售趋势分析'!$D:$D,'表4 商品品类销售趋势分析'!$B:$B, A2) -> 1233131.7 | J2: =(11-F2)/10*0.3+(I2/MAX($I$2:$I$200))*0.4+(B2/MAX($B$2:$B$200))*0.3 -> 1 | K2: {=_xlfn.LET(_xlpm.上榜月份,_xlfn._xlws.FILTER('表4 商品品类销售趋势分析'!$A$2:$A$2000,'表4 商品品类销售趋势分析'!$B$2:$B$2000=A2),_xlpm.月份数字,MONTH(_xlpm.上榜月份),_xlpm.季节分布,FREQUENCY(_xlpm.月份数字,{3,6,9}),_xlpm.季节名,{"春季","夏季","秋季","冬季"},INDEX(_xlpm.季节名,MATCH(MAX(_xlpm.季节分布),_xlpm.季节分布,0)))} -> 春季 | L2: =B2/(DATEDIF(MIN('表4 商品品类销售趋势分析'!$A$2:$A$2000),MAX('表4 商品品类销售趋势分析'!$A$2:$A$2000),"M")+1) -> 0.91666667 | M2: {=_xlfn.SWITCH(TRUE,B2<=3,"短暂活跃型",B2<=8,"间歇活跃型",E2<=6,"集中爆发型","长期稳定型")} -> 长期稳定型 | N2: {=_xlfn.LET(_xlpm.dates,_xlfn._xlws.FILTER('表4 商品品类销售趋势分析'!$A$2:$A$2000,'表4 商品品类销售趋势分析'!$B$2:$B$2000=A2),_xlpm.months,MONTH(_xlpm.dates),_xlpm.n,COUNT(_xlpm.months),IF(_xlpm.n<=1,0,_xlfn.LET(_xlpm.rad,RADIANS((_xlpm.months-1)*30),_xlpm.R,SQRT(AVERAGE(COS(_xlpm.rad))^2+AVERAGE(SIN(_xlpm.rad))^2),_xlpm.R)))} -> 0.087811439 | O2: {=IF(B2>=2,_xlfn.LET(_xlpm.排名数据,_xlfn._xlws.FILTER('表4 商品品类销售趋势分析'!$G$2:$G$2000,'表4 商品品类销售趋势分析'!$B$2:$B$2000=A2),_xlpm.时间数据,_xlfn._xlws.FILTER('表4 商品品类销售趋势分析'!$A$2:$A$2000,'表4 商品品类销售趋势分析'!$B$2:$B$2000=A2),_xlpm.排序表,_xlfn.SORTBY(_xlfn.HSTACK(_xlpm.时间数据,_xlpm.排名数据),_xlpm.时间数据,1),_xlpm.排名序列,INDEX(_xlpm.排序表,,2),_xlpm.序号序列,_xlfn.SEQUENCE(ROWS(_xlpm.排名序列)),_xlpm.斜率,SLOPE(_xlpm.排名序列,_xlpm.序号序列),IF(_xlpm.斜率<-0.1,"上升趋势",IF(_xlpm.斜率>0.1,"下降趋势","平稳趋势"))),"数据不足")} -> 平稳趋势
A3: moveis_decoracao | B3: =COUNTIF('表4 商品品类销售趋势分析'!B:B, A3) -> 21 | C3: =_xlfn.MINIFS('表4 商品品类销售趋势分析'!$A:$A, '表4 商品品类销售趋势分析'!$B:$B, A3) -> 42644 | D3: =_xlfn.MAXIFS('表4 商品品类销售趋势分析'!$A:$A,'表4 商品品类销售趋势分析'!$B:$B, A3) -> 43313 | E3: =IFERROR(DATEDIF(C3,D3,"M"),0) -> 22 | F3: =_xlfn.MINIFS('表4 商品品类销售趋势分析'!$G:$G,'表4 商品品类销售趋势分析'!$B:$B, A3) -> 1 | G3: =_xlfn.MAXIFS('表4 商品品类销售趋势分析'!$G:$G,'表4 商品品类销售趋势分析'!$B:$B, A3) -> 10 | H3: =IF(B3>1, G3-F3, 0) -> 9 | I3: =SUMIFS('表4 商品品类销售趋势分析'!$D:$D,'表4 商品品类销售趋势分析'!$B:$B, A3) -> 711927.69 | J3: =(11-F3)/10*0.3+(I3/MAX($I$2:$I$200))*0.4+(B3/MAX($B$2:$B$200))*0.3 -> 0.81729685 | K3: {=_xlfn.LET(_xlpm.上榜月份,_xlfn._xlws.FILTER('表4 商品品类销售趋势分析'!$A$2:$A$2000,'表4 商品品类销售趋势分析'!$B$2:$B$2000=A3),_xlpm.月份数字,MONTH(_xlpm.上榜月份),_xlpm.季节分布,FREQUENCY(_xlpm.月份数字,{3,6,9}),_xlpm.季节名,{"春季","夏季","秋季","冬季"},INDEX(_xlpm.季节名,MATCH(MAX(_xlpm.季节分布),_xlpm.季节分布,0)))} -> 春季 | L3: =B3/(DATEDIF(MIN('表4 商品品类销售趋势分析'!$A$2:$A$2000),MAX('表4 商品品类销售趋势分析'!$A$2:$A$2000),"M")+1) -> 0.875 | M3: {=_xlfn.SWITCH(TRUE,B3<=3,"短暂活跃型",B3<=8,"间歇活跃型",E3<=6,"集中爆发型","长期稳定型")} -> 长期稳定型 | N3: {=_xlfn.LET(_xlpm.dates,_xlfn._xlws.FILTER('表4 商品品类销售趋势分析'!$A$2:$A$2000,'表4 商品品类销售趋势分析'!$B$2:$B$2000=A3),_xlpm.months,MONTH(_xlpm.dates),_xlpm.n,COUNT(_xlpm.months),IF(_xlpm.n<=1,0,_xlfn.LET(_xlpm.rad,RADIANS((_xlpm.months-1)*30),_xlpm.R,SQRT(AVERAGE(COS(_xlpm.rad))^2+AVERAGE(SIN(_xlpm.rad))^2),_xlpm.R)))} -> 0.1140081 | O3: {=IF(B3>=2,_xlfn.LET(_xlpm.排名数据,_xlfn._xlws.FILTER('表4 商品品类销售趋势分析'!$G$2:$G$2000,'表4 商品品类销售趋势分析'!$B$2:$B$2000=A3),_xlpm.时间数据,_xlfn._xlws.FILTER('表4 商品品类销售趋势分析'!$A$2:$A$2000,'表4 商品品类销售趋势分析'!$B$2:$B$2000=A3),_xlpm.排序表,_xlfn.SORTBY(_xlfn.HSTACK(_xlpm.时间数据,_xlpm.排名数据),_xlpm.时间数据,1),_xlpm.排名序列,INDEX(_xlpm.排序表,,2),_xlpm.序号序列,_xlfn.SEQUENCE(ROWS(_xlpm.排名序列)),_xlpm.斜率,SLOPE(_xlpm.排名序列,_xlpm.序号序列),IF(_xlpm.斜率<-0.1,"上升趋势",IF(_xlpm.斜率>0.1,"下降趋势","平稳趋势"))),"数据不足")} -> 下降趋势
A4: perfumaria | B4: =COUNTIF('表4 商品品类销售趋势分析'!B:B, A4) -> 7 | C4: =_xlfn.MINIFS('表4 商品品类销售趋势分析'!$A:$A, '表4 商品品类销售趋势分析'!$B:$B, A4) -> 42644 | D4: =_xlfn.MAXIFS('表4 商品品类销售趋势分析'!$A:$A,'表4 商品品类销售趋势分析'!$B:$B, A4) -> 43313 | E4: =IFERROR(DATEDIF(C4,D4,"M"),0) -> 22 | F4: =_xlfn.MINIFS('表4 商品品类销售趋势分析'!$G:$G,'表4 商品品类销售趋势分析'!$B:$B, A4) -> 2 | G4: =_xlfn.MAXIFS('表4 商品品类销售趋势分析'!$G:$G,'表4 商品品类销售趋势分析'!$B:$B, A4) -> 10 | H4: =IF(B4>1, G4-F4, 0) -> 8 | I4: =SUMIFS('表4 商品品类销售趋势分析'!$D:$D,'表4 商品品类销售趋势分析'!$B:$B, A4) -> 124744.34 | J4: =(11-F4)/10*0.3+(I4/MAX($I$2:$I$200))*0.4+(B4/MAX($B$2:$B$200))*0.3 -> 0.40591878 | K4: {=_xlfn.LET(_xlpm.上榜月份,_xlfn._xlws.FILTER('表4 商品品类销售趋势分析'!$A$2:$A$2000,'表4 商品品类销售趋势分析'!$B$2:$B$2000=A4),_xlpm.月份数字,MONTH(_xlpm.上榜月份),_xlpm.季节分布,FREQUENCY(_xlpm.月份数字,{3,6,9}),_xlpm.季节名,{"春季","夏季","秋季","冬季"},INDEX(_xlpm.季节名,MATCH(MAX(_xlpm.季节分布),_xlpm.季节分布,0)))} -> 夏季 | L4: =B4/(DATEDIF(MIN('表4 商品品类销售趋势分析'!$A$2:$A$2000),MAX('表4 商品品类销售趋势分析'!$A$2:$A$2000),"M")+1) -> 0.29166667 | M4: {=_xlfn.SWITCH(TRUE,B4<=3,"短暂活跃型",B4<=8,"间歇活跃型",E4<=6,"集中爆发型","长期稳定型")} -> 间歇活跃型 | N4: {=_xlfn.LET(_xlpm.dates,_xlfn._xlws.FILTER('表4 商品品类销售趋势分析'!$A$2:$A$2000,'表4 商品品类销售趋势分析'!$B$2:$B$2000=A4),_xlpm.months,MONTH(_xlpm.dates),_xlpm.n,COUNT(_xlpm.months),IF(_xlpm.n<=1,0,_xlfn.LET(_xlpm.rad,RADIANS((_xlpm.months-1)*30),_xlpm.R,SQRT(AVERAGE(COS(_xlpm.rad))^2+AVERAGE(SIN(_xlpm.rad))^2),_xlpm.R)))} -> 0.25037917 | O4: {=IF(B4>=2,_xlfn.LET(_xlpm.排名数据,_xlfn._xlws.FILTER('表4 商品品类销售趋势分析'!$G$2:$G$2000,'表4 商品品类销售趋势分析'!$B$2:$B$2000=A4),_xlpm.时间数据,_xlfn._xlws.FILTER('表4 商品品类销售趋势分析'!$A$2:$A$2000,'表4 商品品类销售趋势分析'!$B$2:$B$2000=A4),_xlpm.排序表,_xlfn.SORTBY(_xlfn.HSTACK(_xlpm.时间数据,_xlpm.排名数据),_xlpm.时间数据,1),_xlpm.排名序列,INDEX(_xlpm.排序表,,2),_xlpm.序号序列,_xlfn.SEQUENCE(ROWS(_xlpm.排名序列)),_xlpm.斜率,SLOPE(_xlpm.排名序列,_xlpm.序号序列),IF(_xlpm.斜率<-0.1,"上升趋势",IF(_xlpm.斜率>0.1,"下降趋势","平稳趋势"))),"数据不足")} -> 下降趋势
A5: brinquedos | B5: =COUNTIF('表4 商品品类销售趋势分析'!B:B, A5) -> 8 | C5: =_xlfn.MINIFS('表4 商品品类销售趋势分析'!$A:$A, '表4 商品品类销售趋势分析'!$B:$B, A5) -> 42644 | D5: =_xlfn.MAXIFS('表4 商品品类销售趋势分析'!$A:$A,'表4 商品品类销售趋势分析'!$B:$B, A5) -> 43070 | E5: =IFERROR(DATEDIF(C5,D5,"M"),0) -> 14 | F5: =_xlfn.MINIFS('表4 商品品类销售趋势分析'!$G:$G,'表4 商品品类销售趋势分析'!$B:$B, A5) -> 3 | G5: =_xlfn.MAXIFS('表4 商品品类销售趋势分析'!$G:$G,'表4 商品品类销售趋势分析'!$B:$B, A5) -> 10 | H5: =IF(B5>1, G5-F5, 0) -> 7 | I5: =SUMIFS('表4 商品品类销售趋势分析'!$D:$D,'表4 商品品类销售趋势分析'!$B:$B, A5) -> 235417.85 | J5: =(11-F5)/10*0.3+(I5/MAX($I$2:$I$200))*0.4+(B5/MAX($B$2:$B$200))*0.3 -> 0.42545513 | K5: {=_xlfn.LET(_xlpm.上榜月份,_xlfn._xlws.FILTER('表4 商品品类销售趋势分析'!$A$2:$A$2000,'表4 商品品类销售趋势分析'!$B$2:$B$2000=A5),_xlpm.月份数字,MONTH(_xlpm.上榜月份),_xlpm.季节分布,FREQUENCY(_xlpm.月份数字,{3,6,9}),_xlpm.季节名,{"春季","夏季","秋季","冬季"},INDEX(_xlpm.季节名,MATCH(MAX(_xlpm.季节分布),_xlpm.季节分布,0)))} -> 冬季 | L5: =B5/(DATEDIF(MIN('表4 商品品类销售趋势分析'!$A$2:$A$2000),MAX('表4 商品品类销售趋势分析'!$A$2:$A$2000),"M")+1) -> 0.33333333 | M5: {=_xlfn.SWITCH(TRUE,B5<=3,"短暂活跃型",B5<=8,"间歇活跃型",E5<=6,"集中爆发型","长期稳定型")} -> 间歇活跃型 | N5: {=_xlfn.LET(_xlpm.dates,_xlfn._xlws.FILTER('表4 商品品类销售趋势分析'!$A$2:$A$2000,'表4 商品品类销售趋势分析'!$B$2:$B$2000=A5),_xlpm.months,MONTH(_xlpm.dates),_xlpm.n,COUNT(_xlpm.months),IF(_xlpm.n<=1,0,_xlfn.LET(_xlpm.rad,RADIANS((_xlpm.months-1)*30),_xlpm.R,SQRT(AVERAGE(COS(_xlpm.rad))^2+AVERAGE(SIN(_xlpm.rad))^2),_xlpm.R)))} -> 0.42323349 | O5: {=IF(B5>=2,_xlfn.LET(_xlpm.排名数据,_xlfn._xlws.FILTER('表4 商品品类销售趋势分析'!$G$2:$G$2000,'表4 商品品类销售趋势分析'!$B$2:$B$2000=A5),_xlpm.时间数据,_xlfn._xlws.FILTER('表4 商品品类销售趋势分析'!$A$2:$A$2000,'表4 商品品类销售趋势分析'!$B$2:$B$2000=A5),_xlpm.排序表,_xlfn.SORTBY(_xlfn.HSTACK(_xlpm.时间数据,_xlpm.排名数据),_xlpm.时间数据,1),_xlpm.排名序列,INDEX(_xlpm.排序表,,2),_xlpm.序号序列,_xlfn.SEQUENCE(ROWS(_xlpm.排名序列)),_xlpm.斜率,SLOPE(_xlpm.排名序列,_xlpm.序号序列),IF(_xlpm.斜率<-0.1,"上升趋势",IF(_xlpm.斜率>0.1,"下降趋势","平稳趋势"))),"数据不足")} -> 上升趋势
A6: consoles_games | B6: =COUNTIF('表4 商品品类销售趋势分析'!B:B, A6) -> 1 | C6: =_xlfn.MINIFS('表4 商品品类销售趋势分析'!$A:$A, '表4 商品品类销售趋势分析'!$B:$B, A6) -> 42644 | D6: =_xlfn.MAXIFS('表4 商品品类销售趋势分析'!$A:$A,'表4 商品品类销售趋势分析'!$B:$B, A6) -> 42644 | E6: =IFERROR(DATEDIF(C6,D6,"M"),0) -> 0 | F6: =_xlfn.MINIFS('表4 商品品类销售趋势分析'!$G:$G,'表4 商品品类销售趋势分析'!$B:$B, A6) -> 4 | G6: =_xlfn.MAXIFS('表4 商品品类销售趋势分析'!$G:$G,'表4 商品品类销售趋势分析'!$B:$B, A6) -> 4 | H6: =IF(B6>1, G6-F6, 0) -> 0 | I6: =SUMIFS('表4 商品品类销售趋势分析'!$D:$D,'表4 商品品类销售趋势分析'!$B:$B, A6) -> 3619.36 | J6: =(11-F6)/10*0.3+(I6/MAX($I$2:$I$200))*0.4+(B6/MAX($B$2:$B$200))*0.3 -> 0.2248104 | K6: {=_xlfn.LET(_xlpm.上榜月份,_xlfn._xlws.FILTER('表4 商品品类销售趋势分析'!$A$2:$A$2000,'表4 商品品类销售趋势分析'!$B$2:$B$2000=A6),_xlpm.月份数字,MONTH(_xlpm.上榜月份),_xlpm.季节分布,FREQUENCY(_xlpm.月份数字,{3,6,9}),_xlpm.季节名,{"春季","夏季","秋季","冬季"},INDEX(_xlpm.季节名,MATCH(MAX(_xlpm.季节分布),_xlpm.季节分布,0)))} -> 冬季 | L6: =B6/(DATEDIF(MIN('表4 商品品类销售趋势分析'!$A$2:$A$2000),MAX('表4 商品品类销售趋势分析'!$A$2:$A$2000),"M")+1) -> 0.041666667 | M6: {=_xlfn.SWITCH(TRUE,B6<=3,"短暂活跃型",B6<=8,"间歇活跃型",E6<=6,"集中爆发型","长期稳定型")} -> 短暂活跃型 | N6: {=_xlfn.LET(_xlpm.dates,_xlfn._xlws.FILTER('表4 商品品类销售趋势分析'!$A$2:$A$2000,'表4 商品品类销售趋势分析'!$B$2:$B$2000=A6),_xlpm.months,MONTH(_xlpm.dates),_xlpm.n,COUNT(_xlpm.months),IF(_xlpm.n<=1,0,_xlfn.LET(_xlpm.rad,RADIANS((_xlpm.months-1)*30),_xlpm.R,SQRT(AVERAGE(COS(_xlpm.rad))^2+AVERAGE(SIN(_xlpm.rad))^2),_xlpm.R)))} -> 0 | O6: {=IF(B6>=2,_xlfn.LET(_xlpm.排名数据,_xlfn._xlws.FILTER('表4 商品品类销售趋势分析'!$G$2:$G$2000,'表4 商品品类销售趋势分析'!$B$2:$B$2000=A6),_xlpm.时间数据,_xlfn._xlws.FILTER('表4 商品品类销售趋势分析'!$A$2:$A$2000,'表4 商品品类销售趋势分析'!$B$2:$B$2000=A6),_xlpm.排序表,_xlfn.SORTBY(_xlfn.HSTACK(_xlpm.时间数据,_xlpm.排名数据),_xlpm.时间数据,1),_xlpm.排名序列,INDEX(_xlpm.排序表,,2),_xlpm.序号序列,_xlfn.SEQUENCE(ROWS(_xlpm.排名序列)),_xlpm.斜率,SLOPE(_xlpm.排名序列,_xlpm.序号序列),IF(_xlpm.斜率<-0.1,"上升趋势",IF(_xlpm.斜率>0.1,"下降趋势","平稳趋势"))),"数据不足")} -> 数据不足
A7: relogios_presentes | B7: =COUNTIF('表4 商品品类销售趋势分析'!B:B, A7) -> 21 | C7: =_xlfn.MINIFS('表4 商品品类销售趋势分析'!$A:$A, '表4 商品品类销售趋势分析'!$B:$B, A7) -> 42644 | D7: =_xlfn.MAXIFS('表4 商品品类销售趋势分析'!$A:$A,'表4 商品品类销售趋势分析'!$B:$B, A7) -> 43313 | E7: =IFERROR(DATEDIF(C7,D7,"M"),0) -> 22 | F7: =_xlfn.MINIFS('表4 商品品类销售趋势分析'!$G:$G,'表4 商品品类销售趋势分析'!$B:$B, A7) -> 1 | G7: =_xlfn.MAXIFS('表4 商品品类销售趋势分析'!$G:$G,'表4 商品品类销售趋势分析'!$B:$B, A7) -> 10 | H7: =IF(B7>1, G7-F7, 0) -> 9 | I7: =SUMIFS('表4 商品品类销售趋势分析'!$D:$D,'表4 商品品类销售趋势分析'!$B:$B, A7) -> 1166177 | J7: =(11-F7)/10*0.3+(I7/MAX($I$2:$I$200))*0.4+(B7/MAX($B$2:$B$200))*0.3 -> 0.96464504 | K7: {=_xlfn.LET(_xlpm.上榜月份,_xlfn._xlws.FILTER('表4 商品品类销售趋势分析'!$A$2:$A$2000,'表4 商品品类销售趋势分析'!$B$2:$B$2000=A7),_xlpm.月份数字,MONTH(_xlpm.上榜月份),_xlpm.季节分布,FREQUENCY(_xlpm.月份数字,{3,6,9}),_xlpm.季节名,{"春季","夏季","秋季","冬季"},INDEX(_xlpm.季节名,MATCH(MAX(_xlpm.季节分布),_xlpm.季节分布,0)))} -> 春季 | L7: =B7/(DATEDIF(MIN('表4 商品品类销售趋势分析'!$A$2:$A$2000),MAX('表4 商品品类销售趋势分析'!$A$2:$A$2000),"M")+1) -> 0.875 | M7: {=_xlfn.SWITCH(TRUE,B7<=3,"短暂活跃型",B7<=8,"间歇活跃型",E7<=6,"集中爆发型","长期稳定型")} -> 长期稳定型 | N7: {=_xlfn.LET(_xlpm.dates,_xlfn._xlws.FILTER('表4 商品品类销售趋势分析'!$A$2:$A$2000,'表4 商品品类销售趋势分析'!$B$2:$B$2000=A7),_xlpm.months,MONTH(_xlpm.dates),_xlpm.n,COUNT(_xlpm.months),IF(_xlpm.n<=1,0,_xlfn.LET(_xlpm.rad,RADIANS((_xlpm.months-1)*30),_xlpm.R,SQRT(AVERAGE(COS(_xlpm.rad))^2+AVERAGE(SIN(_xlpm.rad))^2),_xlpm.R)))} -> 0.1140081 | O7: {=IF(B7>=2,_xlfn.LET(_xlpm.排名数据,_xlfn._xlws.FILTER('表4 商品品类销售趋势分析'!$G$2:$G$2000,'表4 商品品类销售趋势分析'!$B$2:$B$2000=A7),_xlpm.时间数据,_xlfn._xlws.FILTER('表4 商品品类销售趋势分析'!$A$2:$A$2000,'表4 商品品类销售趋势分析'!$B$2:$B$2000=A7),_xlpm.排序表,_xlfn.SORTBY(_xlfn.HSTACK(_xlpm.时间数据,_xlpm.排名数据),_xlpm.时间数据,1),_xlpm.排名序列,INDEX(_xlpm.排序表,,2),_xlpm.序号序列,_xlfn.SEQUENCE(ROWS(_xlpm.排名序列)),_xlpm.斜率,SLOPE(_xlpm.排名序列,_xlpm.序号序列),IF(_xlpm.斜率<-0.1,"上升趋势",IF(_xlpm.斜率>0.1,"下降趋势","平稳趋势"))),"数据不足")} -> 上升趋势
A8: esporte_lazer | B8: =COUNTIF('表4 商品品类销售趋势分析'!B:B, A8) -> 21 | C8: =_xlfn.MINIFS('表4 商品品类销售趋势分析'!$A:$A, '表4 商品品类销售趋势分析'!$B:$B, A8) -> 42644 | D8: =_xlfn.MAXIFS('表4 商品品类销售趋势分析'!$A:$A,'表4 商品品类销售趋势分析'!$B:$B, A8) -> 43313 | E8: =IFERROR(DATEDIF(C8,D8,"M"),0) -> 22 | F8: =_xlfn.MINIFS('表4 商品品类销售趋势分析'!$G:$G,'表4 商品品类销售趋势分析'!$B:$B, A8) -> 1 | G8: =_xlfn.MAXIFS('表4 商品品类销售趋势分析'!$G:$G,'表4 商品品类销售趋势分析'!$B:$B, A8) -> 7 | H8: =IF(B8>1, G8-F8, 0) -> 6 | I8: =SUMIFS('表4 商品品类销售趋势分析'!$D:$D,'表4 商品品类销售趋势分析'!$B:$B, A8) -> 954852.55 | J8: =(11-F8)/10*0.3+(I8/MAX($I$2:$I$200))*0.4+(B8/MAX($B$2:$B$200))*0.3 -> 0.89609618 | K8: {=_xlfn.LET(_xlpm.上榜月份,_xlfn._xlws.FILTER('表4 商品品类销售趋势分析'!$A$2:$A$2000,'表4 商品品类销售趋势分析'!$B$2:$B$2000=A8),_xlpm.月份数字,MONTH(_xlpm.上榜月份),_xlpm.季节分布,FREQUENCY(_xlpm.月份数字,{3,6,9}),_xlpm.季节名,{"春季","夏季","秋季","冬季"},INDEX(_xlpm.季节名,MATCH(MAX(_xlpm.季节分布),_xlpm.季节分布,0)))} -> 春季 | L8: =B8/(DATEDIF(MIN('表4 商品品类销售趋势分析'!$A$2:$A$2000),MAX('表4 商品品类销售趋势分析'!$A$2:$A$2000),"M")+1) -> 0.875 | M8: {=_xlfn.SWITCH(TRUE,B8<=3,"短暂活跃型",B8<=8,"间歇活跃型",E8<=6,"集中爆发型","长期稳定型")} -> 长期稳定型 | N8: {=_xlfn.LET(_xlpm.dates,_xlfn._xlws.FILTER('表4 商品品类销售趋势分析'!$A$2:$A$2000,'表4 商品品类销售趋势分析'!$B$2:$B$2000=A8),_xlpm.months,MONTH(_xlpm.dates),_xlpm.n,COUNT(_xlpm.months),IF(_xlpm.n<=1,0,_xlfn.LET(_xlpm.rad,RADIANS((_xlpm.months-1)*30),_xlpm.R,SQRT(AVERAGE(COS(_xlpm.rad))^2+AVERAGE(SIN(_xlpm.rad))^2),_xlpm.R)))} -> 0.1140081 | O8: {=IF(B8>=2,_xlfn.LET(_xlpm.排名数据,_xlfn._xlws.FILTER('表4 商品品类销售趋势分析'!$G$2:$G$2000,'表4 商品品类销售趋势分析'!$B$2:$B$2000=A8),_xlpm.时间数据,_xlfn._xlws.FILTER('表4 商品品类销售趋势分析'!$A$2:$A$2000,'表4 商品品类销售趋势分析'!$B$2:$B$2000=A8),_xlpm.排序表,_xlfn.SORTBY(_xlfn.HSTACK(_xlpm.时间数据,_xlpm.排名数据),_xlpm.时间数据,1),_xlpm.排名序列,INDEX(_xlpm.排序表,,2),_xlpm.序号序列,_xlfn.SEQUENCE(ROWS(_xlpm.排名序列)),_xlpm.斜率,SLOPE(_xlpm.排名序列,_xlpm.序号序列),IF(_xlpm.斜率<-0.1,"上升趋势",IF(_xlpm.斜率>0.1,"下降趋势","平稳趋势"))),"数据不足")} -> 平稳趋势
A9: bebes | B9: =COUNTIF('表4 商品品类销售趋势分析'!B:B, A9) -> 7 | C9: =_xlfn.MINIFS('表4 商品品类销售趋势分析'!$A:$A, '表4 商品品类销售趋势分析'!$B:$B, A9) -> 42644 | D9: =_xlfn.MAXIFS('表4 商品品类销售趋势分析'!$A:$A,'表4 商品品类销售趋势分析'!$B:$B, A9) -> 43252 | E9: =IFERROR(DATEDIF(C9,D9,"M"),0) -> 20 | F9: =_xlfn.MINIFS('表4 商品品类销售趋势分析'!$G:$G,'表4 商品品类销售趋势分析'!$B:$B, A9) -> 7 | G9: =_xlfn.MAXIFS('表4 商品品类销售趋势分析'!$G:$G,'表4 商品品类销售趋势分析'!$B:$B, A9) -> 10 | H9: =IF(B9>1, G9-F9, 0) -> 3 | I9: =SUMIFS('表4 商品品类销售趋势分析'!$D:$D,'表4 商品品类销售趋势分析'!$B:$B, A9) -> 182645.44 | J9: =(11-F9)/10*0.3+(I9/MAX($I$2:$I$200))*0.4+(B9/MAX($B$2:$B$200))*0.3 -> 0.27470059 | K9: {=_xlfn.LET(_xlpm.上榜月份,_xlfn._xlws.FILTER('表4 商品品类销售趋势分析'!$A$2:$A$2000,'表4 商品品类销售趋势分析'!$B$2:$B$2000=A9),_xlpm.月份数字,MONTH(_xlpm.上榜月份),_xlpm.季节分布,FREQUENCY(_xlpm.月份数字,{3,6,9}),_xlpm.季节名,{"春季","夏季","秋季","冬季"},INDEX(_xlpm.季节名,MATCH(MAX(_xlpm.季节分布),_xlpm.季节分布,0)))} -> 夏季 | L9: =B9/(DATEDIF(MIN('表4 商品品类销售趋势分析'!$A$2:$A$2000),MAX('表4 商品品类销售趋势分析'!$A$2:$A$2000),"M")+1) -> 0.29166667 | M9: {=_xlfn.SWITCH(TRUE,B9<=3,"短暂活跃型",B9<=8,"间歇活跃型",E9<=6,"集中爆发型","长期稳定型")} -> 间歇活跃型 | N9: {=_xlfn.LET(_xlpm.dates,_xlfn._xlws.FILTER('表4 商品品类销售趋势分析'!$A$2:$A$2000,'表4 商品品类销售趋势分析'!$B$2:$B$2000=A9),_xlpm.months,MONTH(_xlpm.dates),_xlpm.n,COUNT(_xlpm.months),IF(_xlpm.n<=1,0,_xlfn.LET(_xlpm.rad,RADIANS((_xlpm.months-1)*30),_xlpm.R,SQRT(AVERAGE(COS(_xlpm.rad))^2+AVERAGE(SIN(_xlpm.rad))^2),_xlpm.R)))} -> 0.20203051 | O9: {=IF(B9>=2,_xlfn.LET(_xlpm.排名数据,_xlfn._xlws.FILTER('表4 商品品类销售趋势分析'!$G$2:$G$2000,'表4 商品品类销售趋势分析'!$B$2:$B$2000=A9),_xlpm.时间数据,_xlfn._xlws.FILTER('表4 商品品类销售趋势分析'!$A$2:$A$2000,'表4 商品品类销售趋势分析'!$B$2:$B$2000=A9),_xlpm.排序表,_xlfn.SORTBY(_xlfn.HSTACK(_xlpm.时间数据,_xlpm.排名数据),_xlpm.时间数据,1),_xlpm.排名序列,INDEX(_xlpm.排序表,,2),_xlpm.序号序列,_xlfn.SEQUENCE(ROWS(_xlpm.排名序列)),_xlpm.斜率,SLOPE(_xlpm.排名序列,_xlpm.序号序列),IF(_xlpm.斜率<-0.1,"上升趋势",IF(_xlpm.斜率>0.1,"下降趋势","平稳趋势"))),"数据不足")} -> 下降趋势
A10: ferramentas_jardim | B10: =COUNTIF('表4 商品品类销售趋势分析'!B:B, A10) -> 14 | C10: =_xlfn.MINIFS('表4 商品品类销售趋势分析'!$A:$A, '表4 商品品类销售趋势分析'!$B:$B, A10) -> 42644 | D10: =_xlfn.MAXIFS('表4 商品品类销售趋势分析'!$A:$A,'表4 商品品类销售趋势分析'!$B:$B, A10) -> 43282 | E10: =IFERROR(DATEDIF(C10,D10,"M"),0) -> 21 | F10: =_xlfn.MINIFS('表4 商品品类销售趋势分析'!$G:$G,'表4 商品品类销售趋势分析'!$B:$B, A10) -> 5 | G10: =_xlfn.MAXIFS('表4 商品品类销售趋势分析'!$G:$G,'表4 商品品类销售趋势分析'!$B:$B, A10) -> 10 | H10: =IF(B10>1, G10-F10, 0) -> 5 | I10: =SUMIFS('表4 商品品类销售趋势分析'!$D:$D,'表4 商品品类销售趋势分析'!$B:$B, A10) -> 310663.36 | J10: =(11-F10)/10*0.3+(I10/MAX($I$2:$I$200))*0.4+(B10/MAX($B$2:$B$200))*0.3 -> 0.47168125 | K10: {=_xlfn.LET(_xlpm.上榜月份,_xlfn._xlws.FILTER('表4 商品品类销售趋势分析'!$A$2:$A$2000,'表4 商品品类销售趋势分析'!$B$2:$B$2000=A10),_xlpm.月份数字,MONTH(_xlpm.上榜月份),_xlpm.季节分布,FREQUENCY(_xlpm.月份数字,{3,6,9}),_xlpm.季节名,{"春季","夏季","秋季","冬季"},INDEX(_xlpm.季节名,MATCH(MAX(_xlpm.季节分布),_xlpm.季节分布,0)))} -> 春季 | L10: =B10/(DATEDIF(MIN('表4 商品品类销售趋势分析'!$A$2:$A$2000),MAX('表4 商品品类销售趋势分析'!$A$2:$A$2000),"M")+1) -> 0.58333333 | M10: {=_xlfn.SWITCH(TRUE,B10<=3,"短暂活跃型",B10<=8,"间歇活跃型",E10<=6,"集中爆发型","长期稳定型")} -> 长期稳定型 | N10: {=_xlfn.LET(_xlpm.dates,_xlfn._xlws.FILTER('表4 商品品类销售趋势分析'!$A$2:$A$2000,'表4 商品品类销售趋势分析'!$B$2:$B$2000=A10),_xlpm.months,MONTH(_xlpm.dates),_xlpm.n,COUNT(_xlpm.months),IF(_xlpm.n<=1,0,_xlfn.LET(_xlpm.rad,RADIANS((_xlpm.months-1)*30),_xlpm.R,SQRT(AVERAGE(COS(_xlpm.rad))^2+AVERAGE(SIN(_xlpm.rad))^2),_xlpm.R)))} -> 0.073948299 | O10: {=IF(B10>=2,_xlfn.LET(_xlpm.排名数据,_xlfn._xlws.FILTER('表4 商品品类销售趋势分析'!$G$2:$G$2000,'表4 商品品类销售趋势分析'!$B$2:$B$2000=A10),_xlpm.时间数据,_xlfn._xlws.FILTER('表4 商品品类销售趋势分析'!$A$2:$A$2000,'表4 商品品类销售趋势分析'!$B$2:$B$2000=A10),_xlpm.排序表,_xlfn.SORTBY(_xlfn.HSTACK(_xlpm.时间数据,_xlpm.排名数据),_xlpm.时间数据,1),_xlpm.排名序列,INDEX(_xlpm.排序表,,2),_xlpm.序号序列,_xlfn.SEQUENCE(ROWS(_xlpm.排名序列)),_xlpm.斜率,SLOPE(_xlpm.排名序列,_xlpm.序号序列),IF(_xlpm.斜率<-0.1,"上升趋势",IF(_xlpm.斜率>0.1,"下降趋势","平稳趋势"))),"数据不足")} -> 下降趋势
A11: climatizacao | B11: =COUNTIF('表4 商品品类销售趋势分析'!B:B, A11) -> 1 | C11: =_xlfn.MINIFS('表4 商品品类销售趋势分析'!$A:$A, '表4 商品品类销售趋势分析'!$B:$B, A11) -> 42644 | D11: =_xlfn.MAXIFS('表4 商品品类销售趋势分析'!$A:$A,'表4 商品品类销售趋势分析'!$B:$B, A11) -> 42644 | E11: =IFERROR(DATEDIF(C11,D11,"M"),0) -> 0 | F11: =_xlfn.MINIFS('表4 商品品类销售趋势分析'!$G:$G,'表4 商品品类销售趋势分析'!$B:$B, A11) -> 10 | G11: =_xlfn.MAXIFS('表4 商品品类销售趋势分析'!$G:$G,'表4 商品品类销售趋势分析'!$B:$B, A11) -> 10 | H11: =IF(B11>1, G11-F11, 0) -> 0 | I11: =SUMIFS('表4 商品品类销售趋势分析'!$D:$D,'表4 商品品类销售趋势分析'!$B:$B, A11) -> 1349.29 | J11: =(11-F11)/10*0.3+(I11/MAX($I$2:$I$200))*0.4+(B11/MAX($B$2:$B$200))*0.3 -> 0.044074043 | K11: {=_xlfn.LET(_xlpm.上榜月份,_xlfn._xlws.FILTER('表4 商品品类销售趋势分析'!$A$2:$A$2000,'表4 商品品类销售趋势分析'!$B$2:$B$2000=A11),_xlpm.月份数字,MONTH(_xlpm.上榜月份),_xlpm.季节分布,FREQUENCY(_xlpm.月份数字,{3,6,9}),_xlpm.季节名,{"春季","夏季","秋季","冬季"},INDEX(_xlpm.季节名,MATCH(MAX(_xlpm.季节分布),_xlpm.季节分布,0)))} -> 冬季 | L11: =B11/(DATEDIF(MIN('表4 商品品类销售趋势分析'!$A$2:$A$2000),MAX('表4 商品品类销售趋势分析'!$A$2:$A$2000),"M")+1) -> 0.041666667 | M11: {=_xlfn.SWITCH(TRUE,B11<=3,"短暂活跃型",B11<=8,"间歇活跃型",E11<=6,"集中爆发型","长期稳定型")} -> 短暂活跃型 | N11: {=_xlfn.LET(_xlpm.dates,_xlfn._xlws.FILTER('表4 商品品类销售趋势分析'!$A$2:$A$2000,'表4 商品品类销售趋势分析'!$B$2:$B$2000=A11),_xlpm.months,MONTH(_xlpm.dates),_xlpm.n,COUNT(_xlpm.months),IF(_xlpm.n<=1,0,_xlfn.LET(_xlpm.rad,RADIANS((_xlpm.months-1)*30),_xlpm.R,SQRT(AVERAGE(COS(_xlpm.rad))^2+AVERAGE(SIN(_xlpm.rad))^2),_xlpm.R)))} -> 0 | O11: {=IF(B11>=2,_xlfn.LET(_xlpm.排名数据,_xlfn._xlws.FILTER('表4 商品品类销售趋势分析'!$G$2:$G$2000,'表4 商品品类销售趋势分析'!$B$2:$B$2000=A11),_xlpm.时间数据,_xlfn._xlws.FILTER('表4 商品品类销售趋势分析'!$A$2:$A$2000,'表4 商品品类销售趋势分析'!$B$2:$B$2000=A11),_xlpm.排序表,_xlfn.SORTBY(_xlfn.HSTACK(_xlpm.时间数据,_xlpm.排名数据),_xlpm.时间数据,1),_xlpm.排名序列,INDEX(_xlpm.排序表,,2),_xlpm.序号序列,_xlfn.SEQUENCE(ROWS(_xlpm.排名序列)),_xlpm.斜率,SLOPE(_xlpm.排名序列,_xlpm.序号序列),IF(_xlpm.斜率<-0.1,"上升趋势",IF(_xlpm.斜率>0.1,"下降趋势","平稳趋势"))),"数据不足")} -> 数据不足
A12: fashion_bolsas_e_acessorios | B12: =COUNTIF('表4 商品品类销售趋势分析'!B:B, A12) -> 1 | C12: =_xlfn.MINIFS('表4 商品品类销售趋势分析'!$A:$A, '表4 商品品类销售趋势分析'!$B:$B, A12) -> 42705 | D12: =_xlfn.MAXIFS('表4 商品品类销售趋势分析'!$A:$A,'表4 商品品类销售趋势分析'!$B:$B, A12) -> 42705 | E12: =IFERROR(DATEDIF(C12,D12,"M"),0) -> 0 | F12: =_xlfn.MINIFS('表4 商品品类销售趋势分析'!$G:$G,'表4 商品品类销售趋势分析'!$B:$B, A12) -> 1 | G12: =_xlfn.MAXIFS('表4 商品品类销售趋势分析'!$G:$G,'表4 商品品类销售趋势分析'!$B:$B, A12) -> 1 | H12: =IF(B12>1, G12-F12, 0) -> 0 | I12: =SUMIFS('表4 商品品类销售趋势分析'!$D:$D,'表4 商品品类销售趋势分析'!$B:$B, A12) -> 10.9 | J12: =(11-F12)/10*0.3+(I12/MAX($I$2:$I$200))*0.4+(B12/MAX($B$2:$B$200))*0.3 -> 0.3136399 | K12: {=_xlfn.LET(_xlpm.上榜月份,_xlfn._xlws.FILTER('表4 商品品类销售趋势分析'!$A$2:$A$2000,'表4 商品品类销售趋势分析'!$B$2:$B$2000=A12),_xlpm.月份数字,MONTH(_xlpm.上榜月份),_xlpm.季节分布,FREQUENCY(_xlpm.月份数字,{3,6,9}),_xlpm.季节名,{"春季","夏季","秋季","冬季"},INDEX(_xlpm.季节名,MATCH(MAX(_xlpm.季节分布),_xlpm.季节分布,0)))} -> 冬季 | L12: =B12/(DATEDIF(MIN('表4 商品品类销售趋势分析'!$A$2:$A$2000),MAX('表4 商品品类销售趋势分析'!$A$2:$A$2000),"M")+1) -> 0.041666667 | M12: {=_xlfn.SWITCH(TRUE,B12<=3,"短暂活跃型",B12<=8,"间歇活跃型",E12<=6,"集中爆发型","长期稳定型")} -> 短暂活跃型 | N12: {=_xlfn.LET(_xlpm.dates,_xlfn._xlws.FILTER('表4 商品品类销售趋势分析'!$A$2:$A$2000,'表4 商品品类销售趋势分析'!$B$2:$B$2000=A12),_xlpm.months,MONTH(_xlpm.dates),_xlpm.n,COUNT(_xlpm.months),IF(_xlpm.n<=1,0,_xlfn.LET(_xlpm.rad,RADIANS((_xlpm.months-1)*30),_xlpm.R,SQRT(AVERAGE(COS(_xlpm.rad))^2+AVERAGE(SIN(_xlpm.rad))^2),_xlpm.R)))} -> 0 | O12: {=IF(B12>=2,_xlfn.LET(_xlpm.排名数据,_xlfn._xlws.FILTER('表4 商品品类销售趋势分析'!$G$2:$G$2000,'表4 商品品类销售趋势分析'!$B$2:$B$2000=A12),_xlpm.时间数据,_xlfn._xlws.FILTER('表4 商品品类销售趋势分析'!$A$2:$A$2000,'表4 商品品类销售趋势分析'!$B$2:$B$2000=A12),_xlpm.排序表,_xlfn.SORTBY(_xlfn.HSTACK(_xlpm.时间数据,_xlpm.排名数据),_xlpm.时间数据,1),_xlpm.排名序列,INDEX(_xlpm.排序表,,2),_xlpm.序号序列,_xlfn.SEQUENCE(ROWS(_xlpm.排名序列)),_xlpm.斜率,SLOPE(_xlpm.排名序列,_xlpm.序号序列),IF(_xlpm.斜率<-0.1,"上升趋势",IF(_xlpm.斜率>0.1,"下降趋势","平稳趋势"))),"数据不足")} -> 数据不足
A13: cool_stuff | B13: =COUNTIF('表4 商品品类销售趋势分析'!B:B, A13) -> 16 | C13: =_xlfn.MINIFS('表4 商品品类销售趋势分析'!$A:$A, '表4 商品品类销售趋势分析'!$B:$B, A13) -> 42736 | D13: =_xlfn.MAXIFS('表4 商品品类销售趋势分析'!$A:$A,'表4 商品品类销售趋势分析'!$B:$B, A13) -> 43191 | E13: =IFERROR(DATEDIF(C13,D13,"M"),0) -> 15 | F13: =_xlfn.MINIFS('表4 商品品类销售趋势分析'!$G:$G,'表4 商品品类销售趋势分析'!$B:$B, A13) -> 1 | G13: =_xlfn.MAXIFS('表4 商品品类销售趋势分析'!$G:$G,'表4 商品品类销售趋势分析'!$B:$B, A13) -> 10 | H13: =IF(B13>1, G13-F13, 0) -> 9 | I13: =SUMIFS('表4 商品品类销售趋势分析'!$D:$D,'表4 商品品类销售趋势分析'!$B:$B, A13) -> 522945.61 | J13: =(11-F13)/10*0.3+(I13/MAX($I$2:$I$200))*0.4+(B13/MAX($B$2:$B$200))*0.3 -> 0.68781353 | K13: {=_xlfn.LET(_xlpm.上榜月份,_xlfn._xlws.FILTER('表4 商品品类销售趋势分析'!$A$2:$A$2000,'表4 商品品类销售趋势分析'!$B$2:$B$2000=A13),_xlpm.月份数字,MONTH(_xlpm.上榜月份),_xlpm.季节分布,FREQUENCY(_xlpm.月份数字,{3,6,9}),_xlpm.季节名,{"春季","夏季","秋季","冬季"},INDEX(_xlpm.季节名,MATCH(MAX(_xlpm.季节分布),_xlpm.季节分布,0)))} -> 春季 | L13: =B13/(DATEDIF(MIN('表4 商品品类销售趋势分析'!$A$2:$A$2000),MAX('表4 商品品类销售趋势分析'!$A$2:$A$2000),"M")+1) -> 0.66666667 | M13: {=_xlfn.SWITCH(TRUE,B13<=3,"短暂活跃型",B13<=8,"间歇活跃型",E13<=6,"集中爆发型","长期稳定型")} -> 长期稳定型 | N13: {=_xlfn.LET(_xlpm.dates,_xlfn._xlws.FILTER('表4 商品品类销售趋势分析'!$A$2:$A$2000,'表4 商品品类销售趋势分析'!$B$2:$B$2000=A13),_xlpm.months,MONTH(_xlpm.dates),_xlpm.n,COUNT(_xlpm.months),IF(_xlpm.n<=1,0,_xlfn.LET(_xlpm.rad,RADIANS((_xlpm.months-1)*30),_xlpm.R,SQRT(AVERAGE(COS(_xlpm.rad))^2+AVERAGE(SIN(_xlpm.rad))^2),_xlpm.R)))} -> 0.20912908 | O13: {=IF(B13>=2,_xlfn.LET(_xlpm.排名数据,_xlfn._xlws.FILTER('表4 商品品类销售趋势分析'!$G$2:$G$2000,'表4 商品品类销售趋势分析'!$B$2:$B$2000=A13),_xlpm.时间数据,_xlfn._xlws.FILTER('表4 商品品类销售趋势分析'!$A$2:$A$2000,'表4 商品品类销售趋势分析'!$B$2:$B$2000=A13),_xlpm.排序表,_xlfn.SORTBY(_xlfn.HSTACK(_xlpm.时间数据,_xlpm.排名数据),_xlpm.时间数据,1),_xlpm.排名序列,INDEX(_xlpm.排序表,,2),_xlpm.序号序列,_xlfn.SEQUENCE(ROWS(_xlpm.排名序列)),_xlpm.斜率,SLOPE(_xlpm.排名序列,_xlpm.序号序列),IF(_xlpm.斜率<-0.1,"上升趋势",IF(_xlpm.斜率>0.1,"下降趋势","平稳趋势"))),"数据不足")} -> 下降趋势
A14: automotivo | B14: =COUNTIF('表4 商品品类销售趋势分析'!B:B, A14) -> 14 | C14: =_xlfn.MINIFS('表4 商品品类销售趋势分析'!$A:$A, '表4 商品品类销售趋势分析'!$B:$B, A14) -> 42736 | D14: =_xlfn.MAXIFS('表4 商品品类销售趋势分析'!$A:$A,'表4 商品品类销售趋势分析'!$B:$B, A14) -> 43313 | E14: =IFERROR(DATEDIF(C14,D14,"M"),0) -> 19 | F14: =_xlfn.MINIFS('表4 商品品类销售趋势分析'!$G:$G,'表4 商品品类销售趋势分析'!$B:$B, A14) -> 5 | G14: =_xlfn.MAXIFS('表4 商品品类销售趋势分析'!$G:$G,'表4 商品品类销售趋势分析'!$B:$B, A14) -> 10 | H14: =IF(B14>1, G14-F14, 0) -> 5 | I14: =SUMIFS('表4 商品品类销售趋势分析'!$D:$D,'表4 商品品类销售趋势分析'!$B:$B, A14) -> 476832.2 | J14: =(11-F14)/10*0.3+(I14/MAX($I$2:$I$200))*0.4+(B14/MAX($B$2:$B$200))*0.3 -> 0.52558266 | K14: {=_xlfn.LET(_xlpm.上榜月份,_xlfn._xlws.FILTER('表4 商品品类销售趋势分析'!$A$2:$A$2000,'表4 商品品类销售趋势分析'!$B$2:$B$2000=A14),_xlpm.月份数字,MONTH(_xlpm.上榜月份),_xlpm.季节分布,FREQUENCY(_xlpm.月份数字,{3,6,9}),_xlpm.季节名,{"春季","夏季","秋季","冬季"},INDEX(_xlpm.季节名,MATCH(MAX(_xlpm.季节分布),_xlpm.季节分布,0)))} -> 春季 | L14: =B14/(DATEDIF(MIN('表4 商品品类销售趋势分析'!$A$2:$A$2000),MAX('表4 商品品类销售趋势分析'!$A$2:$A$2000),"M")+1) -> 0.58333333 | M14: {=_xlfn.SWITCH(TRUE,B14<=3,"短暂活跃型",B14<=8,"间歇活跃型",E14<=6,"集中爆发型","长期稳定型")} -> 长期稳定型 | N14: {=_xlfn.LET(_xlpm.dates,_xlfn._xlws.FILTER('表4 商品品类销售趋势分析'!$A$2:$A$2000,'表4 商品品类销售趋势分析'!$B$2:$B$2000=A14),_xlpm.months,MONTH(_xlpm.dates),_xlpm.n,COUNT(_xlpm.months),IF(_xlpm.n<=1,0,_xlfn.LET(_xlpm.rad,RADIANS((_xlpm.months-1)*30),_xlpm.R,SQRT(AVERAGE(COS(_xlpm.rad))^2+AVERAGE(SIN(_xlpm.rad))^2),_xlpm.R)))} -> 0.30244078 | O14: {=IF(B14>=2,_xlfn.LET(_xlpm.排名数据,_xlfn._xlws.FILTER('表4 商品品类销售趋势分析'!$G$2:$G$2000,'表4 商品品类销售趋势分析'!$B$2:$B$2000=A14),_xlpm.时间数据,_xlfn._xlws.FILTER('表4 商品品类销售趋势分析'!$A$2:$A$2000,'表4 商品品类销售趋势分析'!$B$2:$B$2000=A14),_xlpm.排序表,_xlfn.SORTBY(_xlfn.HSTACK(_xlpm.时间数据,_xlpm.排名数据),_xlpm.时间数据,1),_xlpm.排名序列,INDEX(_xlpm.排序表,,2),_xlpm.序号序列,_xlfn.SEQUENCE(ROWS(_xlpm.排名序列)),_xlpm.斜率,SLOPE(_xlpm.排名序列,_xlpm.序号序列),IF(_xlpm.斜率<-0.1,"上升趋势",IF(_xlpm.斜率>0.1,"下降趋势","平稳趋势"))),"数据不足")} -> 上升趋势
... A21: telefonia | B21: =COUNTIF('表4 商品品类销售趋势分析'!B:B, A21) -> 2 | C21: =_xlfn.MINIFS('表4 商品品类销售趋势分析'!$A:$A, '表4 商品品类销售趋势分析'!$B:$B, A21) -> 43282 | D21: =_xlfn.MAXIFS('表4 商品品类销售趋势分析'!$A:$A,'表4 商品品类销售趋势分析'!$B:$B, A21) -> 43313 | E21: =IFERROR(DATEDIF(C21,D21,"M"),0) -> 1 | F21: =_xlfn.MINIFS('表4 商品品类销售趋势分析'!$G:$G,'表4 商品品类销售趋势分析'!$B:$B, A21) -> 9 | G21: =_xlfn.MAXIFS('表4 商品品类销售趋势分析'!$G:$G,'表4 商品品类销售趋势分析'!$B:$B, A21) -> 9 | H21: =IF(B21>1, G21-F21, 0) -> 0 | I21: =SUMIFS('表4 商品品类销售趋势分析'!$D:$D,'表4 商品品类销售趋势分析'!$B:$B, A21) -> 63065.59 | J21: =(11-F21)/10*0.3+(I21/MAX($I$2:$I$200))*0.4+(B21/MAX($B$2:$B$200))*0.3 -> 0.10772978 | K21: {=_xlfn.LET(_xlpm.上榜月份,_xlfn._xlws.FILTER('表4 商品品类销售趋势分析'!$A$2:$A$2000,'表4 商品品类销售趋势分析'!$B$2:$B$2000=A21),_xlpm.月份数字,MONTH(_xlpm.上榜月份),_xlpm.季节分布,FREQUENCY(_xlpm.月份数字,{3,6,9}),_xlpm.季节名,{"春季","夏季","秋季","冬季"},INDEX(_xlpm.季节名,MATCH(MAX(_xlpm.季节分布),_xlpm.季节分布,0)))} -> 秋季 | L21: =B21/(DATEDIF(MIN('表4 商品品类销售趋势分析'!$A$2:$A$2000),MAX('表4 商品品类销售趋势分析'!$A$2:$A$2000),"M")+1) -> 0.083333333 | M21: {=_xlfn.SWITCH(TRUE,B21<=3,"短暂活跃型",B21<=8,"间歇活跃型",E21<=6,"集中爆发型","长期稳定型")} -> 短暂活跃型 | N21: {=_xlfn.LET(_xlpm.dates,_xlfn._xlws.FILTER('表4 商品品类销售趋势分析'!$A$2:$A$2000,'表4 商品品类销售趋势分析'!$B$2:$B$2000=A21),_xlpm.months,MONTH(_xlpm.dates),_xlpm.n,COUNT(_xlpm.months),IF(_xlpm.n<=1,0,_xlfn.LET(_xlpm.rad,RADIANS((_xlpm.months-1)*30),_xlpm.R,SQRT(AVERAGE(COS(_xlpm.rad))^2+AVERAGE(SIN(_xlpm.rad))^2),_xlpm.R)))} -> 0.96592583 | O21: {=IF(B21>=2,_xlfn.LET(_xlpm.排名数据,_xlfn._xlws.FILTER('表4 商品品类销售趋势分析'!$G$2:$G$2000,'表4 商品品类销售趋势分析'!$B$2:$B$2000=A21),_xlpm.时间数据,_xlfn._xlws.FILTER('表4 商品品类销售趋势分析'!$A$2:$A$2000,'表4 商品品类销售趋势分析'!$B$2:$B$2000=A21),_xlpm.排序表,_xlfn.SORTBY(_xlfn.HSTACK(_xlpm.时间数据,_xlpm.排名数据),_xlpm.时间数据,1),_xlpm.排名序列,INDEX(_xlpm.排序表,,2),_xlpm.序号序列,_xlfn.SEQUENCE(ROWS(_xlpm.排名序列)),_xlpm.斜率,SLOPE(_xlpm.排名序列,_xlpm.序号序列),IF(_xlpm.斜率<-0.1,"上升趋势",IF(_xlpm.斜率>0.1,"下降趋势","平稳趋势"))),"数据不足")} -> 平稳趋势
Q23: 参考数据线 | R23: 垂直线 | S23: 水平线
Q24: X值 | R24: =AVERAGE($I$2:$I$21) -> 428423.88 | S24: =MIN(I2:I21) -> 10.9
Q25: Y值 | R25: 0 | S25: =AVERAGE($N$2:$N$21) -> 0.22963947
R26: =R24 -> 428423.88 | S26: =S25 -> 0.22963947
R27: 1 | S27: =MAX(I2:I21) -> 1233131.7

Sheet 品类综合表现看板
A1: 活跃期分类 | B1: (全部)
A3: 行标签 | B3: 总记销售额 | C3: 总记上榜次数 | D3: 平均价值评分 | E3: 平均集中度
A4: beleza_saude | B4: 1233131.7 | C4: 22 | D4: 1 | E4: 0.087811439
A5: relogios_presentes | B5: 1166177 | C5: 21 | D5: 0.96464504 | E5: 0.1140081
A6: esporte_lazer | B6: 954852.55 | C6: 21 | D6: 0.89609618 | E6: 0.1140081
A7: cama_mesa_banho | B7: 1019151.4 | C7: 19 | D7: 0.88968054 | E7: 0.19642373
A8: informatica_acessorios | B8: 884131.45 | C8: 19 | D8: 0.84588313 | E8: 0.19642373
A9: moveis_decoracao | B9: 711927.69 | C9: 21 | D9: 0.81729685 | E9: 0.1140081
A10: cool_stuff | B10: 522945.61 | C10: 16 | D10: 0.68781353 | E10: 0.20912908
A11: utilidades_domesticas | B11: 491151.28 | C11: 13 | D11: 0.57659108 | E11: 0.43233546
A12: automotivo | B12: 476832.2 | C12: 14 | D12: 0.52558266 | E12: 0.30244078
A13: ferramentas_jardim | B13: 310663.36 | C13: 14 | D13: 0.47168125 | E13: 0.073948299
A14: brinquedos | B14: 235417.85 | C14: 8 | D14: 0.42545513 | E14: 0.42323349
A15: perfumaria | B15: 124744.34 | C15: 7 | D15: 0.40591878 | E15: 0.25037917
... A23: climatizacao | B23: 1349.29 | C23: 1 | D23: 0.044074043 | E23: 0

Sheet 集中度价值分析表
A1: 集中度价值分析表
B3: 趋势方向
B4: 下降趋势 | E4: 数据不足 | H4: 上升趋势 | K4: 平稳趋势
A5: 月份分布集中度 | B5: 品类数量 | C5: 平均销售额 | D5: 平均价值评分 | E5: 品类数量 | F5: 平均销售额 | G5: 平均价值评分 | H5: 品类数量 | I5: 平均销售额 | J5: 平均价值评分 | K5: 品类数量 | L5: 平均销售额 | M5: 平均价值评分
A6: 低集中度 | B6: 5 | C6: 522462.71 | D6: 0.61947507 | E6: 5 | F6: 13523.45 | G6: 0.19802306 | H6: 1 | I6: 1166177 | J6: 0.96464504 | K6: 3 | L6: 1069045.2 | M6: 0.92859224
A7: 中集中度 | B7: 1 | C7: 124744.34 | D7: 0.40591878 | H7: 3 | I7: 401133.78 | J7: 0.50920962
A8: 高集中度 | H8: 1 | I8: 124022.81 | J8: 0.35113928 | K8: 1 | L8: 63065.59 | M8: 0.10772978
